221.0,232.0,240.0,244.0,245.0,246.0,249.0,254.0,261.0,272.0,281.0,285.0,299.0,301.0,301.0,305.0,311.0,312.0,306.0,301.0,297.0,292.0,290.0,277.0,245.0,242.0,239.0,235.0,231.0,226.0
55.0,62.0,70.0,79.0,89.0,100.0,112.0,121.0,131.0,141.0,151.0,158.0,174.0,186.0,196.0,202.0,200.0,197.0,186.0,180.0,176.0,168.0,160.0,159.0,144.0,139.0,138.0,138.0,139.0,139.0
214.0,213.0,211.0,210.0,205.0,200.0,195.0,195.0,204.0,205.0,202.0,201.0,188.0,172.0,159.0,143.0,127.0,110.0,90.0,83.0,80.0,79.0,78.0,78.0,79.0,79.0,81.0,82.0,84.0,86.0
226.0,224.0,228.0,222.0,214.0,206.0,199.0,194.0,190.0,184.0,176.0,169.0,161.0,149.0,131.0,123.0,118.0,121.0,124.0,126.0,130.0,135.0,139.0,141.0,143.0,148.0,149.0,148.0,153.0,155.0
188.0,181.0,176.0,174.0,172.0,170.0,170.0,170.0,168.0,166.0,163.0,161.0,162.0,163.0,160.0,156.0,150.0,146.0,139.0,131.0,120.0,112.0,107.0,105.0,100.0,99.0,100.0,101.0,100.0,95.0
119.0,127.0,136.0,143.0,151.0,160.0,173.0,183.0,189.0,192.0,188.0,181.0,181.0,184.0,185.0,182.0,162.0,149.0,142.0,134.0,136.0,150.0,159.0,165.0,175.0,171.0,179.0,188.0,190.0,189.0
256.0,258.0,260.0,258.0,254.0,252.0,246.0,241.0,236.0,228.0,221.0,213.0,207.0,194.0,179.0,163.0,146.0,131.0,113.0,102.0,99.0,99.0,98.0,99.0,97.0,91.0,91.0,90.0,91.0,92.0
307.0,301.0,289.0,285.0,274.0,266.0,259.0,255.0,242.0,230.0,221.0,210.0,200.0,191.0,181.0,160.0,152.0,150.0,152.0,153.0,155.0,157.0,162.0,160.0,153.0,149.0,142.0,136.0,132.0,129.0
137.0,136.0,134.0,131.0,129.0,127.0,123.0,121.0,120.0,121.0,126.0,128.0,128.0,130.0,134.0,139.0,143.0,141.0,135.0,124.0,102.0,94.0,92.0,92.0,94.0,96.0,97.0,97.0,98.0,95.0
193.0,190.0,193.0,200.0,203.0,203.0,205.0,197.0,196.0,202.0,199.0,193.0,190.0,182.0,171.0,161.0,144.0,127.0,118.0,115.0,117.0,119.0,120.0,121.0,120.0,118.0,118.0,119.0,120.0,121.0
86.0,95.0,105.0,110.0,121.0,133.0,145.0,156.0,165.0,173.0,183.0,196.0,210.0,223.0,236.0,252.0,261.0,262.0,274.0,287.0,313.0,329.0,334.0,336.0,336.0,331.0,329.0,332.0,329.0,325.0
329.0,328.0,312.0,308.0,299.0,276.0,268.0,268.0,267.0,274.0,273.0,271.0,270.0,255.0,240.0,225.0,211.0,203.0,196.0,175.0,153.0,147.0,148.0,146.0,141.0,135.0,131.0,125.0,120.0,117.0
179.0,178.0,173.0,168.0,166.0,165.0,166.0,169.0,168.0,171.0,174.0,172.0,170.0,171.0,175.0,182.0,190.0,199.0,199.0,198.0,186.0,174.0,160.0,157.0,147.0,139.0,128.0,118.0,112.0,106.0
190.0,206.0,213.0,216.0,220.0,207.0,199.0,193.0,190.0,190.0,191.0,185.0,182.0,189.0,191.0,183.0,175.0,154.0,145.0,142.0,146.0,152.0,155.0,156.0,142.0,138.0,140.0,141.0,142.0,142.0
192.0,185.0,181.0,180.0,185.0,196.0,208.0,213.0,221.0,224.0,220.0,218.0,205.0,193.0,190.0,174.0,153.0,131.0,112.0,104.0,101.0,102.0,103.0,106.0,110.0,119.0,120.0,121.0,119.0,120.0
207.0,213.0,211.0,201.0,187.0,178.0,171.0,164.0,155.0,143.0,134.0,129.0,123.0,107.0,94.0,86.0,83.0,87.0,94.0,100.0,105.0,110.0,116.0,117.0,111.0,106.0,103.0,106.0,113.0,120.0
157.0,164.0,167.0,168.0,170.0,171.0,173.0,178.0,186.0,195.0,213.0,221.0,225.0,232.0,231.0,235.0,241.0,241.0,243.0,244.0,243.0,243.0,243.0,243.0,252.0,256.0,259.0,261.0,264.0,266.0
290.0,296.0,293.0,292.0,283.0,279.0,267.0,265.0,253.0,244.0,234.0,223.0,213.0,201.0,194.0,179.0,156.0,143.0,140.0,138.0,140.0,143.0,151.0,153.0,147.0,136.0,132.0,130.0,127.0,126.0
210.0,227.0,240.0,247.0,251.0,242.0,239.0,236.0,234.0,232.0,229.0,215.0,199.0,197.0,180.0,167.0,146.0,130.0,120.0,113.0,112.0,113.0,119.0,120.0,120.0,122.0,126.0,127.0,127.0,127.0
213.0,217.0,225.0,221.0,204.0,193.0,181.0,165.0,160.0,161.0,161.0,157.0,158.0,146.0,132.0,126.0,125.0,125.0,127.0,123.0,119.0,121.0,122.0,148.0,154.0,159.0,156.0,156.0,155.0,156.0
208.0,208.0,208.0,207.0,205.0,201.0,197.0,197.0,203.0,209.0,216.0,217.0,210.0,202.0,199.0,206.0,213.0,218.0,219.0,204.0,198.0,198.0,193.0,185.0,176.0,179.0,186.0,195.0,207.0,212.0
227.0,225.0,214.0,200.0,190.0,194.0,196.0,216.0,228.0,237.0,240.0,238.0,231.0,213.0,203.0,200.0,182.0,178.0,176.0,173.0,178.0,180.0,182.0,189.0,191.0,186.0,186.0,186.0,181.0,180.0
222.0,224.0,226.0,230.0,233.0,234.0,239.0,229.0,221.0,215.0,208.0,204.0,197.0,192.0,186.0,179.0,170.0,161.0,147.0,134.0,130.0,130.0,133.0,137.0,138.0,136.0,129.0,125.0,133.0,153.0
237.0,226.0,225.0,230.0,233.0,236.0,234.0,229.0,217.0,213.0,213.0,215.0,199.0,182.0,164.0,148.0,134.0,111.0,86.0,77.0,74.0,74.0,75.0,77.0,79.0,85.0,89.0,92.0,97.0,89.0
221.0,226.0,229.0,235.0,231.0,227.0,240.0,253.0,264.0,267.0,264.0,259.0,264.0,267.0,275.0,283.0,288.0,296.0,309.0,317.0,322.0,329.0,337.0,326.0,298.0,302.0,309.0,312.0,300.0,296.0
220.0,218.0,219.0,217.0,215.0,216.0,213.0,207.0,207.0,200.0,189.0,182.0,179.0,180.0,178.0,188.0,198.0,212.0,228.0,254.0,272.0,286.0,298.0,318.0,354.0,356.0,354.0,353.0,354.0,356.0
198.0,212.0,228.0,254.0,272.0,286.0,298.0,318.0,354.0,356.0,354.0,353.0,354.0,356.0,352.0,369.0,379.0,388.0,400.0,400.0,400.0,400.0,400.0,400.0,387.0,376.0,356.0,351.0,354.0,356.0
221.0,211.0,200.0,185.0,169.0,154.0,135.0,113.0,93.0,87.0,89.0,97.0,100.0,96.0,78.0,67.0,69.0,74.0,83.0,92.0,98.0,98.0,99.0,99.0,100.0,101.0,103.0,104.0,103.0,102.0
252.0,240.0,236.0,223.0,212.0,204.0,191.0,179.0,165.0,155.0,148.0,139.0,130.0,125.0,113.0,99.0,89.0,83.0,80.0,84.0,111.0,128.0,135.0,134.0,130.0,121.0,117.0,115.0,112.0,111.0
144.0,147.0,147.0,149.0,152.0,156.0,162.0,165.0,166.0,166.0,165.0,165.0,168.0,171.0,173.0,174.0,176.0,177.0,181.0,185.0,192.0,196.0,198.0,198.0,191.0,190.0,191.0,190.0,191.0,194.0
240.0,240.0,236.0,230.0,224.0,218.0,214.0,209.0,198.0,189.0,179.0,170.0,159.0,148.0,137.0,121.0,108.0,100.0,98.0,109.0,123.0,128.0,129.0,129.0,128.0,127.0,127.0,127.0,128.0,126.0
169.0,176.0,185.0,193.0,200.0,209.0,224.0,234.0,243.0,245.0,244.0,239.0,225.0,210.0,202.0,195.0,195.0,182.0,155.0,138.0,132.0,130.0,130.0,129.0,126.0,126.0,128.0,130.0,134.0,135.0
299.0,289.0,280.0,270.0,259.0,250.0,241.0,232.0,222.0,213.0,203.0,196.0,193.0,186.0,175.0,155.0,141.0,133.0,130.0,139.0,151.0,160.0,166.0,166.0,162.0,153.0,150.0,149.0,147.0,144.0
77.0,70.0,64.0,60.0,61.0,65.0,69.0,73.0,79.0,89.0,98.0,113.0,126.0,138.0,152.0,171.0,180.0,181.0,179.0,175.0,174.0,176.0,179.0,190.0,193.0,192.0,191.0,192.0,191.0,193.0
179.0,181.0,182.0,183.0,183.0,189.0,198.0,204.0,215.0,222.0,230.0,236.0,243.0,253.0,260.0,273.0,283.0,292.0,303.0,310.0,316.0,325.0,335.0,341.0,343.0,345.0,347.0,347.0,349.0,351.0
260.0,273.0,283.0,292.0,303.0,310.0,316.0,325.0,335.0,341.0,343.0,345.0,347.0,347.0,349.0,351.0,349.0,348.0,345.0,335.0,324.0,310.0,294.0,284.0,275.0,269.0,261.0,245.0,232.0,216.0
231.0,241.0,245.0,246.0,248.0,252.0,254.0,254.0,254.0,249.0,243.0,242.0,232.0,221.0,213.0,192.0,176.0,171.0,170.0,172.0,174.0,176.0,177.0,171.0,157.0,155.0,157.0,159.0,159.0,159.0
195.0,187.0,177.0,170.0,168.0,168.0,169.0,171.0,171.0,168.0,166.0,169.0,174.0,177.0,177.0,174.0,162.0,154.0,150.0,147.0,147.0,148.0,149.0,150.0,150.0,150.0,150.0,150.0,149.0,147.0
232.0,237.0,248.0,257.0,263.0,269.0,274.0,271.0,269.0,266.0,258.0,249.0,238.0,227.0,212.0,200.0,176.0,150.0,140.0,137.0,137.0,136.0,134.0,132.0,127.0,126.0,124.0,123.0,123.0,123.0
277.0,275.0,273.0,269.0,262.0,261.0,257.0,254.0,253.0,245.0,237.0,228.0,219.0,213.0,202.0,187.0,170.0,162.0,159.0,164.0,172.0,178.0,181.0,180.0,175.0,173.0,170.0,168.0,165.0,162.0
185.0,186.0,188.0,189.0,190.0,190.0,191.0,190.0,189.0,188.0,187.0,186.0,185.0,185.0,185.0,184.0,183.0,179.0,176.0,176.0,180.0,186.0,199.0,206.0,213.0,213.0,211.0,207.0,200.0,195.0
220.0,227.0,232.0,229.0,225.0,218.0,212.0,205.0,202.0,199.0,195.0,189.0,180.0,170.0,157.0,144.0,130.0,117.0,107.0,102.0,99.0,100.0,102.0,103.0,103.0,102.0,100.0,99.0,99.0,100.0
228.0,231.0,222.0,216.0,215.0,215.0,213.0,212.0,211.0,206.0,207.0,199.0,186.0,172.0,160.0,145.0,123.0,102.0,95.0,94.0,94.0,93.0,92.0,89.0,96.0,94.0,94.0,94.0,95.0,94.0
150.0,162.0,174.0,180.0,178.0,184.0,185.0,194.0,193.0,186.0,182.0,174.0,172.0,167.0,166.0,164.0,165.0,166.0,167.0,164.0,159.0,160.0,158.0,158.0,153.0,154.0,151.0,150.0,149.0,150.0
69.0,80.0,89.0,98.0,100.0,111.0,123.0,139.0,160.0,178.0,186.0,185.0,186.0,191.0,201.0,228.0,242.0,263.0,277.0,284.0,287.0,288.0,289.0,279.0,260.0,262.0,259.0,250.0,245.0,250.0
177.0,194.0,200.0,201.0,189.0,162.0,166.0,173.0,176.0,169.0,167.0,166.0,168.0,180.0,182.0,178.0,171.0,160.0,145.0,138.0,132.0,120.0,127.0,129.0,132.0,123.0,104.0,100.0,107.0,106.0
208.0,215.0,212.0,206.0,203.0,196.0,190.0,180.0,184.0,180.0,177.0,186.0,194.0,205.0,207.0,220.0,200.0,194.0,196.0,198.0,200.0,201.0,211.0,215.0,217.0,216.0,221.0,221.0,219.0,209.0
202.0,197.0,191.0,185.0,197.0,206.0,209.0,207.0,174.0,168.0,168.0,142.0,136.0,135.0,136.0,147.0,148.0,137.0,137.0,144.0,141.0,135.0,133.0,126.0,110.0,104.0,74.0,62.0,58.0,57.0
69.0,72.0,70.0,75.0,84.0,90.0,92.0,86.0,80.0,80.0,92.0,100.0,108.0,113.0,115.0,114.0,111.0,107.0,116.0,126.0,141.0,150.0,144.0,140.0,131.0,126.0,95.0,79.0,75.0,75.0
106.0,114.0,136.0,155.0,163.0,169.0,162.0,158.0,153.0,146.0,140.0,127.0,116.0,110.0,106.0,108.0,115.0,121.0,128.0,132.0,133.0,126.0,100.0,82.0,70.0,65.0,60.0,59.0,59.0,61.0
242.0,232.0,227.0,226.0,232.0,234.0,236.0,249.0,252.0,221.0,201.0,198.0,169.0,164.0,167.0,172.0,177.0,165.0,154.0,151.0,150.0,146.0,148.0,156.0,159.0,162.0,158.0,154.0,150.0,149.0
76.0,73.0,75.0,79.0,86.0,95.0,106.0,118.0,132.0,143.0,150.0,154.0,155.0,157.0,162.0,164.0,167.0,165.0,161.0,166.0,167.0,170.0,176.0,183.0,191.0,195.0,211.0,222.0,227.0,228.0
119.0,114.0,93.0,69.0,47.0,40.0,40.0,40.0,43.0,55.0,67.0,82.0,99.0,117.0,136.0,160.0,192.0,258.0,280.0,303.0,324.0,347.0,356.0,363.0,360.0,365.0,365.0,366.0,370.0,369.0
379.0,379.0,383.0,386.0,381.0,380.0,367.0,353.0,349.0,348.0,347.0,346.0,344.0,338.0,332.0,333.0,330.0,328.0,317.0,309.0,294.0,291.0,293.0,290.0,278.0,260.0,225.0,213.0,201.0,195.0
348.0,347.0,346.0,344.0,338.0,332.0,333.0,330.0,328.0,317.0,309.0,294.0,291.0,293.0,290.0,278.0,260.0,225.0,213.0,201.0,195.0,153.0,130.0,107.0,98.0,96.0,100.0,97.0,106.0,114.0
332.0,333.0,330.0,328.0,317.0,309.0,294.0,291.0,293.0,290.0,278.0,260.0,225.0,213.0,201.0,195.0,153.0,130.0,107.0,98.0,96.0,100.0,97.0,106.0,114.0,119.0,126.0,129.0,134.0,138.0
167.0,173.0,184.0,193.0,202.0,211.0,218.0,222.0,223.0,220.0,214.0,211.0,213.0,220.0,227.0,232.0,220.0,211.0,206.0,200.0,190.0,168.0,142.0,131.0,126.0,124.0,126.0,129.0,135.0,138.0
80.0,86.0,93.0,96.0,112.0,127.0,139.0,143.0,138.0,139.0,142.0,154.0,169.0,183.0,198.0,213.0,214.0,215.0,198.0,180.0,154.0,142.0,138.0,133.0,133.0,129.0,134.0,145.0,146.0,162.0
200.0,206.0,207.0,218.0,229.0,240.0,255.0,270.0,274.0,270.0,263.0,263.0,276.0,285.0,291.0,301.0,306.0,308.0,323.0,339.0,343.0,340.0,338.0,339.0,345.0,370.0,375.0,376.0,378.0,374.0
200.0,206.0,207.0,218.0,229.0,240.0,255.0,270.0,274.0,270.0,263.0,263.0,276.0,285.0,291.0,301.0,306.0,308.0,323.0,339.0,343.0,340.0,338.0,339.0,345.0,370.0,375.0,376.0,378.0,374.0
285.0,291.0,301.0,306.0,308.0,323.0,339.0,343.0,340.0,338.0,339.0,345.0,370.0,375.0,376.0,378.0,374.0,371.0,372.0,362.0,347.0,335.0,312.0,284.0,275.0,239.0,206.0,173.0,149.0,135.0
339.0,343.0,340.0,338.0,339.0,345.0,370.0,375.0,376.0,378.0,374.0,371.0,372.0,362.0,347.0,335.0,312.0,284.0,275.0,239.0,206.0,173.0,149.0,135.0,117.0,101.0,96.0,96.0,101.0,103.0
179.0,173.0,166.0,163.0,160.0,154.0,151.0,147.0,143.0,142.0,145.0,140.0,140.0,140.0,136.0,131.0,125.0,122.0,125.0,125.0,117.0,111.0,99.0,95.0,93.0,91.0,89.0,90.0,93.0,95.0
57.0,55.0,65.0,74.0,79.0,89.0,100.0,107.0,118.0,133.0,144.0,154.0,166.0,181.0,188.0,190.0,193.0,195.0,185.0,177.0,167.0,143.0,123.0,105.0,79.0,63.0,56.0,52.0,58.0,63.0
105.0,114.0,120.0,124.0,129.0,135.0,140.0,147.0,156.0,162.0,170.0,174.0,182.0,197.0,217.0,231.0,238.0,243.0,249.0,256.0,262.0,266.0,270.0,276.0,276.0,266.0,250.0,239.0,207.0,181.0
190.0,195.0,201.0,211.0,224.0,227.0,226.0,221.0,229.0,238.0,240.0,256.0,264.0,269.0,278.0,299.0,317.0,329.0,336.0,331.0,317.0,301.0,281.0,268.0,260.0,255.0,242.0,228.0,215.0,187.0
179.0,187.0,193.0,199.0,208.0,220.0,228.0,230.0,230.0,226.0,217.0,221.0,230.0,244.0,230.0,205.0,216.0,232.0,242.0,254.0,261.0,258.0,246.0,214.0,200.0,196.0,197.0,202.0,203.0,203.0
229.0,234.0,239.0,243.0,243.0,241.0,239.0,239.0,242.0,244.0,245.0,242.0,237.0,230.0,232.0,242.0,259.0,268.0,271.0,263.0,258.0,251.0,248.0,245.0,236.0,234.0,215.0,209.0,207.0,197.0
113.0,109.0,108.0,107.0,106.0,102.0,96.0,92.0,91.0,95.0,99.0,108.0,116.0,125.0,136.0,147.0,158.0,168.0,177.0,174.0,167.0,154.0,150.0,150.0,153.0,155.0,156.0,150.0,143.0,136.0
136.0,139.0,143.0,147.0,148.0,146.0,143.0,143.0,149.0,156.0,161.0,160.0,157.0,155.0,154.0,158.0,163.0,165.0,164.0,161.0,159.0,155.0,154.0,154.0,153.0,150.0,142.0,144.0,152.0,150.0
144.0,152.0,150.0,162.0,175.0,183.0,192.0,204.0,215.0,231.0,256.0,264.0,263.0,264.0,267.0,268.0,277.0,275.0,268.0,261.0,249.0,239.0,226.0,219.0,206.0,197.0,186.0,178.0,172.0,166.0
170.0,178.0,184.0,190.0,192.0,197.0,200.0,210.0,217.0,221.0,221.0,220.0,217.0,214.0,205.0,201.0,188.0,174.0,165.0,145.0,133.0,126.0,122.0,122.0,122.0,120.0,115.0,111.0,108.0,106.0
148.0,151.0,154.0,159.0,164.0,168.0,176.0,187.0,196.0,208.0,215.0,216.0,217.0,216.0,214.0,211.0,212.0,214.0,214.0,207.0,212.0,222.0,227.0,228.0,232.0,228.0,227.0,231.0,233.0,235.0
148.0,151.0,154.0,159.0,164.0,168.0,176.0,187.0,196.0,208.0,215.0,216.0,217.0,216.0,214.0,211.0,212.0,214.0,214.0,207.0,212.0,222.0,227.0,228.0,232.0,228.0,227.0,231.0,233.0,235.0
214.0,211.0,212.0,214.0,214.0,207.0,212.0,222.0,227.0,228.0,232.0,228.0,227.0,231.0,233.0,235.0,237.0,239.0,237.0,241.0,242.0,236.0,237.0,237.0,233.0,225.0,226.0,224.0,219.0,216.0
209.0,198.0,192.0,188.0,197.0,197.0,190.0,174.0,164.0,151.0,145.0,137.0,137.0,137.0,128.0,129.0,131.0,127.0,117.0,121.0,128.0,130.0,132.0,130.0,126.0,115.0,130.0,139.0,143.0,146.0
130.0,134.0,135.0,137.0,142.0,148.0,157.0,168.0,168.0,170.0,174.0,177.0,175.0,176.0,175.0,177.0,180.0,188.0,190.0,181.0,176.0,172.0,170.0,160.0,153.0,145.0,134.0,123.0,116.0,109.0
109.0,94.0,75.0,62.0,58.0,60.0,59.0,61.0,61.0,63.0,68.0,70.0,72.0,76.0,83.0,90.0,96.0,104.0,112.0,121.0,131.0,149.0,161.0,166.0,162.0,145.0,132.0,122.0,121.0,127.0
166.0,162.0,145.0,132.0,122.0,121.0,127.0,139.0,147.0,166.0,182.0,195.0,210.0,224.0,235.0,248.0,261.0,281.0,287.0,290.0,297.0,303.0,306.0,305.0,308.0,309.0,309.0,313.0,303.0,299.0
139.0,147.0,166.0,182.0,195.0,210.0,224.0,235.0,248.0,261.0,281.0,287.0,290.0,297.0,303.0,306.0,305.0,308.0,309.0,309.0,313.0,303.0,299.0,298.0,295.0,293.0,296.0,294.0,289.0,280.0
77.0,74.0,76.0,80.0,86.0,98.0,112.0,128.0,142.0,151.0,165.0,196.0,205.0,208.0,239.0,273.0,283.0,289.0,294.0,301.0,299.0,295.0,291.0,286.0,273.0,270.0,252.0,246.0,246.0,248.0
291.0,299.0,314.0,322.0,327.0,333.0,342.0,350.0,358.0,363.0,370.0,374.0,377.0,381.0,385.0,390.0,391.0,389.0,383.0,375.0,368.0,357.0,349.0,336.0,326.0,315.0,305.0,295.0,286.0,279.0
195.0,192.0,181.0,165.0,139.0,133.0,125.0,126.0,136.0,143.0,152.0,155.0,159.0,157.0,155.0,154.0,155.0,158.0,158.0,160.0,165.0,169.0,169.0,160.0,147.0,146.0,147.0,146.0,145.0,143.0
159.0,161.0,164.0,169.0,174.0,179.0,182.0,184.0,186.0,194.0,201.0,205.0,204.0,199.0,200.0,205.0,207.0,210.0,211.0,214.0,216.0,209.0,205.0,206.0,205.0,203.0,202.0,202.0,203.0,200.0
115.0,120.0,130.0,132.0,130.0,129.0,126.0,128.0,131.0,139.0,153.0,165.0,174.0,185.0,198.0,208.0,223.0,245.0,259.0,263.0,254.0,248.0,233.0,222.0,216.0,210.0,207.0,186.0,179.0,172.0
179.0,172.0,164.0,153.0,147.0,147.0,149.0,150.0,149.0,144.0,138.0,139.0,142.0,150.0,153.0,151.0,149.0,147.0,142.0,135.0,132.0,134.0,143.0,147.0,150.0,152.0,153.0,152.0,158.0,159.0
107.0,109.0,111.0,113.0,113.0,114.0,117.0,120.0,122.0,124.0,127.0,129.0,131.0,133.0,135.0,138.0,142.0,147.0,151.0,155.0,158.0,160.0,162.0,162.0,162.0,164.0,163.0,163.0,165.0,165.0
166.0,167.0,167.0,174.0,182.0,186.0,187.0,184.0,192.0,204.0,212.0,221.0,220.0,213.0,207.0,191.0,180.0,171.0,164.0,153.0,143.0,140.0,140.0,138.0,126.0,117.0,105.0,100.0,100.0,101.0
109.0,96.0,84.0,76.0,78.0,88.0,103.0,123.0,131.0,132.0,127.0,116.0,107.0,102.0,109.0,117.0,125.0,138.0,153.0,167.0,172.0,175.0,187.0,197.0,200.0,199.0,200.0,198.0,198.0,201.0
192.0,202.0,211.0,226.0,237.0,243.0,247.0,249.0,248.0,240.0,236.0,239.0,231.0,225.0,220.0,214.0,199.0,181.0,164.0,150.0,117.0,103.0,102.0,109.0,113.0,123.0,135.0,140.0,143.0,146.0
214.0,199.0,181.0,164.0,150.0,117.0,103.0,102.0,109.0,113.0,123.0,135.0,140.0,143.0,146.0,151.0,154.0,148.0,141.0,136.0,133.0,131.0,132.0,134.0,135.0,140.0,146.0,152.0,156.0,158.0
150.0,117.0,103.0,102.0,109.0,113.0,123.0,135.0,140.0,143.0,146.0,151.0,154.0,148.0,141.0,136.0,133.0,131.0,132.0,134.0,135.0,140.0,146.0,152.0,156.0,158.0,158.0,160.0,159.0,158.0
133.0,131.0,132.0,134.0,135.0,140.0,146.0,152.0,156.0,158.0,158.0,160.0,159.0,158.0,161.0,165.0,168.0,169.0,169.0,171.0,178.0,188.0,197.0,197.0,192.0,190.0,193.0,189.0,186.0,183.0
171.0,174.0,180.0,188.0,192.0,195.0,195.0,197.0,197.0,197.0,197.0,199.0,202.0,208.0,215.0,222.0,231.0,236.0,239.0,239.0,237.0,235.0,239.0,244.0,241.0,242.0,229.0,218.0,208.0,196.0
153.0,154.0,148.0,141.0,144.0,148.0,154.0,162.0,173.0,190.0,196.0,198.0,200.0,206.0,210.0,215.0,218.0,216.0,207.0,198.0,188.0,186.0,185.0,183.0,178.0,176.0,181.0,187.0,189.0,190.0
153.0,154.0,148.0,141.0,144.0,148.0,154.0,162.0,173.0,190.0,196.0,198.0,200.0,206.0,210.0,215.0,218.0,216.0,207.0,198.0,188.0,186.0,185.0,183.0,178.0,176.0,181.0,187.0,189.0,190.0
107.0,90.0,88.0,90.0,93.0,95.0,97.0,92.0,97.0,97.0,101.0,101.0,99.0,86.0,107.0,127.0,133.0,134.0,135.0,144.0,149.0,151.0,150.0,153.0,155.0,154.0,143.0,141.0,139.0,126.0
253.0,256.0,253.0,247.0,245.0,249.0,256.0,262.0,268.0,270.0,270.0,273.0,272.0,270.0,268.0,257.0,254.0,220.0,202.0,185.0,176.0,177.0,182.0,187.0,179.0,171.0,168.0,167.0,165.0,164.0
163.0,162.0,156.0,146.0,171.0,180.0,177.0,170.0,179.0,192.0,199.0,202.0,203.0,203.0,203.0,203.0,200.0,194.0,186.0,173.0,174.0,176.0,174.0,175.0,123.0,116.0,116.0,118.0,117.0,116.0
116.0,118.0,117.0,116.0,111.0,107.0,115.0,116.0,117.0,119.0,122.0,119.0,120.0,121.0,114.0,111.0,108.0,110.0,114.0,117.0,119.0,121.0,121.0,121.0,126.0,127.0,129.0,124.0,124.0,123.0
181.0,175.0,176.0,175.0,170.0,167.0,167.0,165.0,165.0,174.0,180.0,188.0,189.0,186.0,185.0,192.0,199.0,201.0,202.0,181.0,174.0,172.0,169.0,165.0,159.0,152.0,146.0,141.0,131.0,132.0
102.0,101.0,98.0,94.0,95.0,96.0,93.0,88.0,87.0,84.0,95.0,99.0,103.0,113.0,124.0,129.0,146.0,157.0,160.0,156.0,159.0,167.0,169.0,168.0,170.0,169.0,167.0,161.0,157.0,157.0
274.0,272.0,269.0,267.0,259.0,249.0,242.0,231.0,220.0,204.0,186.0,167.0,150.0,136.0,123.0,112.0,98.0,89.0,79.0,72.0,64.0,59.0,53.0,47.0,53.0,55.0,56.0,54.0,59.0,65.0
47.0,53.0,55.0,56.0,54.0,59.0,65.0,72.0,75.0,78.0,80.0,85.0,92.0,99.0,110.0,119.0,136.0,147.0,157.0,164.0,180.0,184.0,167.0,161.0,162.0,162.0,165.0,171.0,175.0,175.0
174.0,178.0,181.0,185.0,188.0,189.0,188.0,188.0,188.0,188.0,188.0,187.0,187.0,185.0,184.0,184.0,184.0,184.0,182.0,178.0,171.0,162.0,158.0,150.0,145.0,137.0,128.0,120.0,115.0,106.0
102.0,103.0,106.0,107.0,107.0,105.0,103.0,99.0,98.0,100.0,106.0,115.0,122.0,131.0,138.0,144.0,156.0,163.0,166.0,163.0,153.0,145.0,148.0,153.0,168.0,177.0,185.0,191.0,195.0,207.0
164.0,165.0,167.0,171.0,177.0,178.0,158.0,157.0,162.0,157.0,152.0,158.0,163.0,175.0,200.0,209.0,215.0,221.0,225.0,227.0,221.0,221.0,217.0,226.0,224.0,207.0,209.0,188.0,172.0,166.0
78.0,76.0,76.0,79.0,81.0,84.0,90.0,94.0,103.0,110.0,112.0,113.0,116.0,118.0,118.0,114.0,115.0,117.0,121.0,125.0,127.0,129.0,126.0,125.0,129.0,134.0,133.0,129.0,127.0,131.0
159.0,157.0,157.0,160.0,165.0,168.0,169.0,171.0,172.0,175.0,184.0,191.0,196.0,200.0,207.0,217.0,222.0,213.0,208.0,196.0,186.0,176.0,159.0,145.0,123.0,123.0,124.0,124.0,116.0,110.0
123.0,124.0,124.0,116.0,110.0,103.0,98.0,95.0,93.0,91.0,91.0,92.0,93.0,92.0,90.0,91.0,90.0,94.0,100.0,107.0,114.0,125.0,133.0,138.0,145.0,163.0,170.0,181.0,192.0,204.0
234.0,233.0,225.0,214.0,197.0,192.0,193.0,196.0,193.0,193.0,188.0,182.0,180.0,173.0,165.0,156.0,146.0,138.0,138.0,147.0,157.0,165.0,168.0,167.0,166.0,169.0,173.0,178.0,181.0,180.0
106.0,93.0,88.0,86.0,85.0,83.0,82.0,80.0,82.0,84.0,86.0,87.0,88.0,95.0,103.0,111.0,121.0,134.0,144.0,150.0,156.0,163.0,165.0,160.0,151.0,164.0,176.0,182.0,184.0,185.0
198.0,186.0,169.0,159.0,152.0,140.0,128.0,117.0,109.0,104.0,101.0,99.0,94.0,90.0,86.0,82.0,80.0,78.0,75.0,74.0,72.0,70.0,70.0,71.0,77.0,80.0,81.0,90.0,96.0,99.0
70.0,70.0,71.0,77.0,80.0,81.0,90.0,96.0,99.0,104.0,107.0,106.0,103.0,102.0,102.0,100.0,98.0,96.0,95.0,93.0,91.0,90.0,92.0,95.0,102.0,100.0,102.0,111.0,115.0,114.0
138.0,141.0,144.0,147.0,150.0,150.0,150.0,146.0,149.0,154.0,163.0,172.0,180.0,187.0,200.0,210.0,221.0,242.0,267.0,273.0,270.0,273.0,279.0,287.0,293.0,272.0,261.0,259.0,257.0,257.0
126.0,123.0,119.0,115.0,117.0,120.0,128.0,136.0,143.0,153.0,170.0,179.0,186.0,196.0,198.0,198.0,196.0,199.0,203.0,206.0,211.0,209.0,207.0,210.0,207.0,197.0,194.0,193.0,192.0,192.0
136.0,134.0,132.0,131.0,133.0,140.0,145.0,146.0,148.0,156.0,163.0,170.0,183.0,196.0,208.0,220.0,229.0,236.0,243.0,246.0,246.0,247.0,243.0,237.0,222.0,216.0,208.0,198.0,187.0,167.0
144.0,154.0,162.0,171.0,182.0,194.0,203.0,205.0,205.0,206.0,205.0,203.0,202.0,203.0,204.0,198.0,191.0,190.0,192.0,194.0,196.0,196.0,196.0,194.0,187.0,169.0,166.0,162.0,158.0,154.0
166.0,171.0,168.0,160.0,150.0,146.0,145.0,144.0,139.0,133.0,130.0,129.0,130.0,134.0,136.0,138.0,142.0,146.0,153.0,160.0,164.0,168.0,168.0,171.0,180.0,179.0,180.0,179.0,177.0,173.0
123.0,123.0,125.0,126.0,129.0,136.0,142.0,148.0,154.0,157.0,160.0,164.0,167.0,166.0,163.0,157.0,149.0,142.0,138.0,135.0,135.0,133.0,126.0,118.0,113.0,110.0,108.0,107.0,109.0,112.0
121.0,119.0,120.0,123.0,123.0,117.0,111.0,107.0,101.0,90.0,84.0,82.0,86.0,92.0,96.0,96.0,87.0,79.0,74.0,72.0,72.0,73.0,73.0,75.0,81.0,81.0,83.0,85.0,85.0,84.0
249.0,252.0,254.0,257.0,261.0,266.0,278.0,287.0,298.0,305.0,300.0,289.0,282.0,282.0,280.0,278.0,271.0,261.0,254.0,251.0,248.0,245.0,238.0,215.0,165.0,161.0,160.0,161.0,160.0,154.0
141.0,138.0,137.0,139.0,143.0,148.0,151.0,150.0,144.0,140.0,138.0,140.0,144.0,151.0,162.0,171.0,181.0,188.0,188.0,180.0,171.0,163.0,154.0,145.0,135.0,127.0,122.0,117.0,114.0,112.0
161.0,164.0,168.0,172.0,175.0,178.0,179.0,179.0,181.0,185.0,188.0,191.0,194.0,197.0,199.0,202.0,201.0,198.0,198.0,193.0,192.0,193.0,195.0,191.0,179.0,173.0,169.0,165.0,159.0,157.0
155.0,154.0,155.0,155.0,154.0,151.0,149.0,147.0,145.0,147.0,144.0,145.0,134.0,121.0,114.0,107.0,97.0,88.0,83.0,79.0,76.0,75.0,78.0,82.0,86.0,87.0,86.0,87.0,87.0,88.0
91.0,94.0,96.0,98.0,100.0,103.0,109.0,114.0,120.0,123.0,124.0,124.0,123.0,121.0,122.0,123.0,121.0,119.0,117.0,114.0,114.0,115.0,115.0,116.0,117.0,120.0,126.0,130.0,133.0,137.0
123.0,124.0,124.0,123.0,121.0,122.0,123.0,121.0,119.0,117.0,114.0,114.0,115.0,115.0,116.0,117.0,120.0,126.0,130.0,133.0,137.0,140.0,139.0,135.0,129.0,121.0,112.0,101.0,91.0,84.0
165.0,178.0,193.0,204.0,212.0,226.0,244.0,254.0,261.0,264.0,259.0,256.0,251.0,244.0,237.0,228.0,222.0,214.0,205.0,198.0,191.0,187.0,187.0,189.0,190.0,194.0,199.0,202.0,199.0,193.0
251.0,244.0,237.0,228.0,222.0,214.0,205.0,198.0,191.0,187.0,187.0,189.0,190.0,194.0,199.0,202.0,199.0,193.0,184.0,173.0,161.0,153.0,148.0,143.0,140.0,136.0,129.0,121.0,116.0,112.0
244.0,237.0,228.0,222.0,214.0,205.0,198.0,191.0,187.0,187.0,189.0,190.0,194.0,199.0,202.0,199.0,193.0,184.0,173.0,161.0,153.0,148.0,143.0,140.0,136.0,129.0,121.0,116.0,112.0,111.0
137.0,139.0,145.0,144.0,154.0,165.0,178.0,194.0,216.0,245.0,260.0,272.0,273.0,267.0,257.0,245.0,229.0,211.0,188.0,162.0,151.0,148.0,151.0,153.0,154.0,151.0,145.0,145.0,146.0,141.0
154.0,165.0,178.0,194.0,216.0,245.0,260.0,272.0,273.0,267.0,257.0,245.0,229.0,211.0,188.0,162.0,151.0,148.0,151.0,153.0,154.0,151.0,145.0,145.0,146.0,141.0,139.0,139.0,139.0,140.0
146.0,150.0,158.0,165.0,167.0,165.0,162.0,164.0,170.0,172.0,173.0,172.0,178.0,185.0,189.0,192.0,197.0,205.0,212.0,216.0,224.0,233.0,241.0,248.0,251.0,261.0,268.0,275.0,279.0,282.0
146.0,150.0,158.0,165.0,167.0,165.0,162.0,164.0,170.0,172.0,173.0,172.0,178.0,185.0,189.0,192.0,197.0,205.0,212.0,216.0,224.0,233.0,241.0,248.0,251.0,261.0,268.0,275.0,279.0,282.0
150.0,158.0,165.0,167.0,165.0,162.0,164.0,170.0,172.0,173.0,172.0,178.0,185.0,189.0,192.0,197.0,205.0,212.0,216.0,224.0,233.0,241.0,248.0,251.0,261.0,268.0,275.0,279.0,282.0,289.0
178.0,185.0,189.0,192.0,197.0,205.0,212.0,216.0,224.0,233.0,241.0,248.0,251.0,261.0,268.0,275.0,279.0,282.0,289.0,293.0,291.0,291.0,293.0,292.0,290.0,284.0,280.0,280.0,279.0,276.0
185.0,189.0,192.0,197.0,205.0,212.0,216.0,224.0,233.0,241.0,248.0,251.0,261.0,268.0,275.0,279.0,282.0,289.0,293.0,291.0,291.0,293.0,292.0,290.0,284.0,280.0,280.0,279.0,276.0,272.0
280.0,280.0,279.0,276.0,272.0,267.0,260.0,257.0,251.0,245.0,240.0,237.0,226.0,214.0,199.0,183.0,167.0,141.0,127.0,122.0,125.0,131.0,136.0,140.0,146.0,146.0,144.0,142.0,141.0,141.0
272.0,267.0,260.0,257.0,251.0,245.0,240.0,237.0,226.0,214.0,199.0,183.0,167.0,141.0,127.0,122.0,125.0,131.0,136.0,140.0,146.0,146.0,144.0,142.0,141.0,141.0,140.0,138.0,136.0,134.0
82.0,81.0,81.0,86.0,92.0,101.0,111.0,121.0,129.0,135.0,142.0,149.0,156.0,168.0,180.0,192.0,205.0,215.0,219.0,220.0,219.0,218.0,223.0,228.0,233.0,236.0,241.0,242.0,243.0,250.0
241.0,242.0,243.0,250.0,253.0,253.0,253.0,252.0,251.0,253.0,257.0,261.0,262.0,261.0,258.0,253.0,246.0,238.0,227.0,213.0,203.0,192.0,186.0,172.0,157.0,140.0,123.0,114.0,109.0,107.0
243.0,250.0,253.0,253.0,253.0,252.0,251.0,253.0,257.0,261.0,262.0,261.0,258.0,253.0,246.0,238.0,227.0,213.0,203.0,192.0,186.0,172.0,157.0,140.0,123.0,114.0,109.0,107.0,105.0,104.0
252.0,251.0,253.0,257.0,261.0,262.0,261.0,258.0,253.0,246.0,238.0,227.0,213.0,203.0,192.0,186.0,172.0,157.0,140.0,123.0,114.0,109.0,107.0,105.0,104.0,104.0,106.0,108.0,110.0,110.0
261.0,269.0,275.0,273.0,271.0,265.0,255.0,246.0,237.0,227.0,218.0,211.0,202.0,192.0,183.0,178.0,167.0,156.0,141.0,132.0,130.0,130.0,133.0,139.0,139.0,137.0,131.0,120.0,114.0,111.0
265.0,255.0,246.0,237.0,227.0,218.0,211.0,202.0,192.0,183.0,178.0,167.0,156.0,141.0,132.0,130.0,130.0,133.0,139.0,139.0,137.0,131.0,120.0,114.0,111.0,107.0,107.0,106.0,105.0,105.0
114.0,123.0,127.0,127.0,123.0,121.0,121.0,120.0,116.0,106.0,101.0,101.0,101.0,105.0,109.0,105.0,102.0,90.0,74.0,66.0,62.0,60.0,61.0,63.0,63.0,65.0,67.0,72.0,80.0,86.0
206.0,210.0,211.0,209.0,208.0,209.0,212.0,224.0,233.0,239.0,244.0,244.0,242.0,238.0,232.0,227.0,223.0,220.0,213.0,198.0,189.0,181.0,174.0,166.0,151.0,136.0,119.0,100.0,90.0,87.0
211.0,209.0,208.0,209.0,212.0,224.0,233.0,239.0,244.0,244.0,242.0,238.0,232.0,227.0,223.0,220.0,213.0,198.0,189.0,181.0,174.0,166.0,151.0,136.0,119.0,100.0,90.0,87.0,87.0,88.0
224.0,233.0,239.0,244.0,244.0,242.0,238.0,232.0,227.0,223.0,220.0,213.0,198.0,189.0,181.0,174.0,166.0,151.0,136.0,119.0,100.0,90.0,87.0,87.0,88.0,89.0,88.0,88.0,90.0,91.0
233.0,239.0,244.0,244.0,242.0,238.0,232.0,227.0,223.0,220.0,213.0,198.0,189.0,181.0,174.0,166.0,151.0,136.0,119.0,100.0,90.0,87.0,87.0,88.0,89.0,88.0,88.0,90.0,91.0,91.0
128.0,128.0,131.0,138.0,147.0,159.0,175.0,188.0,195.0,202.0,202.0,201.0,193.0,181.0,170.0,159.0,146.0,137.0,132.0,130.0,132.0,133.0,133.0,130.0,125.0,118.0,118.0,120.0,122.0,124.0
138.0,147.0,159.0,175.0,188.0,195.0,202.0,202.0,201.0,193.0,181.0,170.0,159.0,146.0,137.0,132.0,130.0,132.0,133.0,133.0,130.0,125.0,118.0,118.0,120.0,122.0,124.0,125.0,126.0,125.0
88.0,88.0,89.0,88.0,86.0,86.0,87.0,93.0,95.0,96.0,99.0,108.0,113.0,115.0,119.0,124.0,128.0,131.0,134.0,135.0,133.0,131.0,128.0,127.0,125.0,120.0,122.0,127.0,133.0,139.0
162.0,164.0,169.0,174.0,177.0,179.0,180.0,179.0,176.0,174.0,175.0,179.0,184.0,183.0,176.0,171.0,167.0,165.0,162.0,154.0,146.0,140.0,137.0,134.0,133.0,127.0,118.0,110.0,101.0,92.0
164.0,169.0,174.0,177.0,179.0,180.0,179.0,176.0,174.0,175.0,179.0,184.0,183.0,176.0,171.0,167.0,165.0,162.0,154.0,146.0,140.0,137.0,134.0,133.0,127.0,118.0,110.0,101.0,92.0,83.0
153.0,165.0,175.0,190.0,201.0,207.0,210.0,214.0,211.0,205.0,201.0,192.0,186.0,186.0,181.0,177.0,173.0,158.0,144.0,132.0,118.0,102.0,83.0,75.0,67.0,65.0,63.0,63.0,64.0,67.0
154.0,166.0,180.0,195.0,213.0,227.0,230.0,228.0,228.0,229.0,234.0,240.0,249.0,258.0,259.0,253.0,247.0,242.0,231.0,221.0,213.0,205.0,195.0,181.0,171.0,161.0,154.0,146.0,142.0,142.0
230.0,228.0,228.0,229.0,234.0,240.0,249.0,258.0,259.0,253.0,247.0,242.0,231.0,221.0,213.0,205.0,195.0,181.0,171.0,161.0,154.0,146.0,142.0,142.0,143.0,141.0,141.0,149.0,152.0,153.0
209.0,219.0,223.0,221.0,217.0,218.0,227.0,233.0,239.0,242.0,236.0,227.0,218.0,212.0,204.0,188.0,178.0,171.0,165.0,159.0,145.0,123.0,115.0,109.0,112.0,118.0,121.0,125.0,129.0,133.0
221.0,217.0,218.0,227.0,233.0,239.0,242.0,236.0,227.0,218.0,212.0,204.0,188.0,178.0,171.0,165.0,159.0,145.0,123.0,115.0,109.0,112.0,118.0,121.0,125.0,129.0,133.0,137.0,145.0,153.0
159.0,145.0,123.0,115.0,109.0,112.0,118.0,121.0,125.0,129.0,133.0,137.0,145.0,153.0,162.0,169.0,173.0,181.0,189.0,195.0,199.0,205.0,209.0,219.0,232.0,241.0,241.0,236.0,238.0,243.0
169.0,173.0,181.0,189.0,195.0,199.0,205.0,209.0,219.0,232.0,241.0,241.0,236.0,238.0,243.0,255.0,265.0,273.0,281.0,276.0,277.0,266.0,243.0,236.0,234.0,223.0,212.0,204.0,194.0,185.0
241.0,236.0,238.0,243.0,255.0,265.0,273.0,281.0,276.0,277.0,266.0,243.0,236.0,234.0,223.0,212.0,204.0,194.0,185.0,176.0,167.0,159.0,151.0,144.0,133.0,129.0,130.0,131.0,128.0,125.0
255.0,265.0,273.0,281.0,276.0,277.0,266.0,243.0,236.0,234.0,223.0,212.0,204.0,194.0,185.0,176.0,167.0,159.0,151.0,144.0,133.0,129.0,130.0,131.0,128.0,125.0,122.0,120.0,120.0,120.0
77.0,76.0,77.0,83.0,91.0,99.0,108.0,114.0,126.0,137.0,146.0,153.0,159.0,167.0,170.0,186.0,202.0,213.0,214.0,215.0,207.0,197.0,182.0,167.0,149.0,126.0,108.0,101.0,98.0,97.0
91.0,99.0,108.0,114.0,126.0,137.0,146.0,153.0,159.0,167.0,170.0,186.0,202.0,213.0,214.0,215.0,207.0,197.0,182.0,167.0,149.0,126.0,108.0,101.0,98.0,97.0,96.0,94.0,97.0,101.0
178.0,187.0,198.0,210.0,224.0,235.0,239.0,242.0,243.0,244.0,245.0,244.0,241.0,231.0,219.0,203.0,179.0,163.0,157.0,159.0,162.0,162.0,165.0,170.0,177.0,183.0,187.0,190.0,192.0,191.0
244.0,245.0,244.0,241.0,231.0,219.0,203.0,179.0,163.0,157.0,159.0,162.0,162.0,165.0,170.0,177.0,183.0,187.0,190.0,192.0,191.0,188.0,185.0,183.0,182.0,185.0,188.0,186.0,183.0,181.0
151.0,154.0,158.0,161.0,162.0,164.0,166.0,166.0,166.0,164.0,164.0,167.0,169.0,172.0,175.0,182.0,190.0,194.0,212.0,221.0,226.0,229.0,229.0,233.0,230.0,223.0,227.0,231.0,232.0,237.0
166.0,166.0,164.0,164.0,167.0,169.0,172.0,175.0,182.0,190.0,194.0,212.0,221.0,226.0,229.0,229.0,233.0,230.0,223.0,227.0,231.0,232.0,237.0,242.0,254.0,254.0,252.0,252.0,255.0,259.0
212.0,221.0,226.0,229.0,229.0,233.0,230.0,223.0,227.0,231.0,232.0,237.0,242.0,254.0,254.0,252.0,252.0,255.0,259.0,261.0,261.0,262.0,263.0,251.0,224.0,230.0,235.0,237.0,238.0,239.0
211.0,216.0,220.0,221.0,219.0,218.0,213.0,209.0,207.0,188.0,178.0,179.0,175.0,161.0,158.0,139.0,134.0,136.0,137.0,137.0,120.0,110.0,107.0,109.0,117.0,135.0,139.0,144.0,142.0,140.0
182.0,194.0,204.0,218.0,239.0,246.0,246.0,242.0,242.0,246.0,250.0,254.0,254.0,249.0,248.0,236.0,222.0,211.0,202.0,190.0,179.0,170.0,163.0,163.0,167.0,175.0,184.0,190.0,193.0,195.0
240.0,238.0,236.0,236.0,230.0,227.0,226.0,229.0,221.0,212.0,211.0,208.0,204.0,203.0,187.0,180.0,176.0,170.0,166.0,163.0,163.0,162.0,158.0,154.0,146.0,143.0,142.0,141.0,143.0,145.0
182.0,180.0,170.0,154.0,149.0,153.0,159.0,170.0,172.0,159.0,155.0,127.0,107.0,102.0,103.0,108.0,113.0,117.0,113.0,104.0,97.0,93.0,95.0,100.0,112.0,117.0,123.0,129.0,133.0,134.0
192.0,203.0,212.0,214.0,214.0,214.0,215.0,217.0,217.0,217.0,218.0,221.0,228.0,223.0,215.0,215.0,201.0,188.0,178.0,168.0,161.0,156.0,151.0,148.0,145.0,143.0,142.0,142.0,142.0,142.0
141.0,141.0,142.0,142.0,145.0,150.0,155.0,161.0,166.0,171.0,177.0,179.0,185.0,193.0,200.0,206.0,207.0,203.0,200.0,204.0,204.0,213.0,220.0,226.0,234.0,244.0,252.0,254.0,259.0,262.0
185.0,193.0,200.0,206.0,207.0,203.0,200.0,204.0,204.0,213.0,220.0,226.0,234.0,244.0,252.0,254.0,259.0,262.0,264.0,271.0,279.0,283.0,289.0,287.0,283.0,289.0,292.0,297.0,299.0,301.0
173.0,184.0,185.0,189.0,192.0,191.0,190.0,192.0,194.0,197.0,200.0,204.0,207.0,211.0,211.0,212.0,207.0,202.0,200.0,195.0,192.0,197.0,197.0,207.0,213.0,214.0,213.0,216.0,226.0,238.0
197.0,200.0,204.0,207.0,211.0,211.0,212.0,207.0,202.0,200.0,195.0,192.0,197.0,197.0,207.0,213.0,214.0,213.0,216.0,226.0,238.0,245.0,248.0,247.0,243.0,238.0,233.0,237.0,250.0,262.0
243.0,238.0,233.0,237.0,250.0,262.0,267.0,268.0,266.0,262.0,260.0,260.0,262.0,267.0,274.0,279.0,278.0,274.0,268.0,263.0,262.0,264.0,269.0,273.0,277.0,270.0,261.0,256.0,253.0,254.0
254.0,258.0,261.0,261.0,257.0,254.0,248.0,242.0,237.0,231.0,222.0,215.0,212.0,208.0,202.0,199.0,190.0,181.0,173.0,163.0,153.0,144.0,135.0,116.0,92.0,79.0,72.0,76.0,88.0,116.0
208.0,215.0,220.0,225.0,229.0,235.0,240.0,246.0,251.0,257.0,263.0,270.0,277.0,284.0,294.0,302.0,306.0,304.0,297.0,297.0,306.0,315.0,328.0,337.0,327.0,300.0,304.0,305.0,306.0,308.0
309.0,309.0,308.0,310.0,310.0,309.0,306.0,304.0,302.0,301.0,297.0,291.0,286.0,279.0,271.0,264.0,255.0,246.0,235.0,226.0,213.0,202.0,195.0,190.0,190.0,193.0,191.0,194.0,199.0,201.0
270.0,276.0,285.0,292.0,299.0,304.0,309.0,314.0,320.0,325.0,332.0,339.0,345.0,349.0,352.0,354.0,360.0,365.0,385.0,391.0,389.0,386.0,388.0,376.0,359.0,368.0,372.0,372.0,372.0,371.0
345.0,349.0,352.0,354.0,360.0,365.0,385.0,391.0,389.0,386.0,388.0,376.0,359.0,368.0,372.0,372.0,372.0,371.0,371.0,368.0,362.0,354.0,346.0,327.0,275.0,267.0,268.0,254.0,244.0,240.0
372.0,372.0,371.0,371.0,368.0,362.0,354.0,346.0,327.0,275.0,267.0,268.0,254.0,244.0,240.0,242.0,241.0,243.0,243.0,238.0,231.0,225.0,218.0,214.0,213.0,214.0,214.0,218.0,210.0,195.0
362.0,354.0,346.0,327.0,275.0,267.0,268.0,254.0,244.0,240.0,242.0,241.0,243.0,243.0,238.0,231.0,225.0,218.0,214.0,213.0,214.0,214.0,218.0,210.0,195.0,203.0,207.0,208.0,212.0,217.0
231.0,225.0,218.0,214.0,213.0,214.0,214.0,218.0,210.0,195.0,203.0,207.0,208.0,212.0,217.0,223.0,227.0,231.0,234.0,236.0,242.0,250.0,257.0,260.0,259.0,262.0,267.0,277.0,288.0,301.0
250.0,257.0,260.0,259.0,262.0,267.0,277.0,288.0,301.0,315.0,323.0,329.0,335.0,340.0,344.0,344.0,344.0,340.0,339.0,339.0,339.0,341.0,344.0,322.0,276.0,286.0,289.0,294.0,277.0,267.0
155.0,160.0,166.0,173.0,179.0,188.0,197.0,204.0,210.0,211.0,210.0,208.0,210.0,216.0,226.0,232.0,241.0,245.0,247.0,257.0,271.0,253.0,239.0,230.0,214.0,214.0,215.0,215.0,213.0,209.0
188.0,190.0,190.0,185.0,178.0,169.0,163.0,158.0,155.0,150.0,148.0,147.0,137.0,118.0,143.0,153.0,156.0,149.0,138.0,132.0,124.0,118.0,111.0,99.0,95.0,92.0,85.0,86.0,87.0,86.0
155.0,150.0,148.0,147.0,137.0,118.0,143.0,153.0,156.0,149.0,138.0,132.0,124.0,118.0,111.0,99.0,95.0,92.0,85.0,86.0,87.0,86.0,85.0,85.0,86.0,89.0,90.0,84.0,84.0,97.0
182.0,205.0,220.0,230.0,237.0,238.0,238.0,238.0,238.0,236.0,235.0,238.0,238.0,241.0,264.0,266.0,247.0,235.0,225.0,218.0,216.0,216.0,215.0,215.0,219.0,223.0,220.0,222.0,238.0,250.0
238.0,238.0,236.0,235.0,238.0,238.0,241.0,264.0,266.0,247.0,235.0,225.0,218.0,216.0,216.0,215.0,215.0,219.0,223.0,220.0,222.0,238.0,250.0,250.0,274.0,278.0,279.0,280.0,280.0,282.0
321.0,342.0,335.0,336.0,329.0,319.0,310.0,302.0,293.0,296.0,276.0,263.0,263.0,237.0,220.0,210.0,199.0,185.0,178.0,180.0,190.0,165.0,142.0,128.0,120.0,115.0,116.0,125.0,128.0,134.0
329.0,319.0,310.0,302.0,293.0,296.0,276.0,263.0,263.0,237.0,220.0,210.0,199.0,185.0,178.0,180.0,190.0,165.0,142.0,128.0,120.0,115.0,116.0,125.0,128.0,134.0,135.0,137.0,139.0,145.0
189.0,187.0,190.0,195.0,194.0,193.0,190.0,187.0,184.0,180.0,175.0,169.0,158.0,147.0,121.0,115.0,143.0,157.0,159.0,159.0,160.0,162.0,143.0,141.0,142.0,188.0,205.0,208.0,206.0,199.0
257.0,261.0,268.0,277.0,271.0,256.0,250.0,247.0,247.0,249.0,252.0,258.0,260.0,250.0,248.0,240.0,228.0,217.0,203.0,186.0,169.0,152.0,136.0,115.0,103.0,91.0,92.0,97.0,106.0,121.0
138.0,147.0,156.0,165.0,170.0,184.0,202.0,205.0,204.0,204.0,203.0,199.0,201.0,202.0,202.0,202.0,203.0,205.0,210.0,214.0,195.0,193.0,215.0,231.0,270.0,281.0,290.0,297.0,299.0,299.0
344.0,354.0,353.0,346.0,340.0,346.0,359.0,369.0,369.0,365.0,365.0,360.0,370.0,387.0,399.0,400.0,398.0,397.0,400.0,400.0,400.0,400.0,400.0,397.0,393.0,393.0,390.0,390.0,386.0,382.0
378.0,383.0,367.0,358.0,353.0,346.0,338.0,321.0,307.0,296.0,288.0,263.0,226.0,214.0,196.0,184.0,161.0,152.0,148.0,136.0,121.0,117.0,113.0,103.0,100.0,98.0,89.0,88.0,91.0,96.0
196.0,196.0,203.0,205.0,214.0,219.0,221.0,223.0,226.0,221.0,220.0,217.0,211.0,203.0,197.0,193.0,182.0,171.0,168.0,148.0,132.0,125.0,125.0,128.0,133.0,143.0,143.0,143.0,144.0,145.0
192.0,200.0,206.0,211.0,193.0,185.0,181.0,173.0,175.0,179.0,184.0,210.0,224.0,229.0,216.0,205.0,193.0,180.0,163.0,152.0,143.0,143.0,152.0,163.0,179.0,176.0,170.0,168.0,176.0,182.0
182.0,185.0,187.0,189.0,189.0,192.0,198.0,205.0,215.0,228.0,231.0,229.0,233.0,240.0,245.0,250.0,255.0,259.0,262.0,264.0,265.0,267.0,270.0,265.0,254.0,257.0,255.0,256.0,263.0,266.0
293.0,294.0,298.0,302.0,305.0,312.0,318.0,314.0,307.0,302.0,298.0,298.0,301.0,299.0,295.0,295.0,295.0,297.0,292.0,285.0,277.0,273.0,271.0,269.0,264.0,262.0,268.0,274.0,272.0,265.0
298.0,302.0,305.0,312.0,318.0,314.0,307.0,302.0,298.0,298.0,301.0,299.0,295.0,295.0,295.0,297.0,292.0,285.0,277.0,273.0,271.0,269.0,264.0,262.0,268.0,274.0,272.0,265.0,257.0,253.0
262.0,268.0,274.0,272.0,265.0,257.0,253.0,250.0,248.0,247.0,246.0,242.0,231.0,225.0,212.0,197.0,181.0,170.0,161.0,152.0,129.0,119.0,117.0,122.0,136.0,134.0,137.0,141.0,145.0,149.0
142.0,152.0,166.0,175.0,181.0,183.0,181.0,180.0,170.0,160.0,157.0,149.0,141.0,141.0,124.0,112.0,108.0,107.0,106.0,99.0,94.0,101.0,109.0,114.0,117.0,122.0,128.0,139.0,148.0,155.0
168.0,174.0,179.0,180.0,179.0,180.0,185.0,193.0,199.0,205.0,212.0,223.0,229.0,235.0,239.0,240.0,241.0,230.0,219.0,208.0,202.0,185.0,164.0,138.0,120.0,111.0,108.0,113.0,122.0,129.0
179.0,180.0,185.0,193.0,199.0,205.0,212.0,223.0,229.0,235.0,239.0,240.0,241.0,230.0,219.0,208.0,202.0,185.0,164.0,138.0,120.0,111.0,108.0,113.0,122.0,129.0,133.0,136.0,137.0,139.0
154.0,155.0,155.0,153.0,153.0,155.0,159.0,163.0,165.0,168.0,169.0,168.0,166.0,165.0,166.0,166.0,169.0,168.0,164.0,162.0,162.0,164.0,164.0,164.0,169.0,173.0,174.0,177.0,184.0,192.0
166.0,165.0,166.0,166.0,169.0,168.0,164.0,162.0,162.0,164.0,164.0,164.0,169.0,173.0,174.0,177.0,184.0,192.0,202.0,215.0,229.0,243.0,262.0,270.0,295.0,311.0,315.0,311.0,306.0,304.0
164.0,164.0,169.0,173.0,174.0,177.0,184.0,192.0,202.0,215.0,229.0,243.0,262.0,270.0,295.0,311.0,315.0,311.0,306.0,304.0,309.0,318.0,326.0,332.0,335.0,344.0,351.0,354.0,355.0,356.0
350.0,340.0,336.0,331.0,329.0,323.0,322.0,310.0,301.0,294.0,285.0,275.0,266.0,260.0,250.0,238.0,220.0,209.0,190.0,173.0,153.0,142.0,138.0,136.0,133.0,133.0,129.0,127.0,131.0,135.0
192.0,209.0,218.0,224.0,230.0,237.0,241.0,244.0,245.0,245.0,245.0,251.0,260.0,266.0,270.0,263.0,256.0,249.0,244.0,237.0,231.0,229.0,238.0,244.0,254.0,270.0,284.0,295.0,276.0,231.0
